Rank,School,Conf,AP_Rank,W,L,Pts,Opp_Pts,MOV,SOS,OSRS,DSRS,SRS,ORtg,DRtg,NRtg
1,Michigan,Big Ten,3,31,3,86.8,69.2,17.62,14.86,19.39,13.09,32.48,128.93,84.98,43.96
2,Duke,ACC,1,32,2,82.3,63.1,19.15,12.41,13.12,18.44,31.55,129.78,85.35,44.43
3,Arizona,Big 12,2,32,2,86.1,68.8,17.35,12.57,16.87,13.05,29.92,127.23,86.50,40.73
4,Florida,SEC,4,26,7,86.8,72.0,14.79,13.11,16.01,11.90,27.90,126.09,88.82,37.27
5,Iowa State,Big 12,7,27,7,81.8,65.1,16.65,10.50,12.13,15.02,27.15,126.21,88.91,37.30
6,Illinois,Big Ten,9,24,8,84.4,69.8,14.56,11.89,15.49,10.96,26.45,132.58,94.74,37.84
7,Houston,Big 12,5,28,6,77.1,62.9,14.29,11.93,7.20,19.03,26.23,124.65,87.07,37.58
8,Purdue,Big Ten,18,27,8,81.7,70.1,11.51,14.13,13.42,12.22,25.64,133.06,96.47,36.58
9,Gonzaga,WCC,12,30,3,85.1,66.0,19.12,5.98,12.64,12.47,25.11,123.43,89.05,34.38
10,Michigan State,Big Ten,8,25,7,78.9,68.4,10.53,12.91,9.64,13.80,23.44,124.24,90.90,33.34
11,Louisville,ACC,24,23,10,84.8,72.2,12.58,10.83,15.05,8.36,23.41,126.12,94.54,31.57
12,Connecticut,Big East,6,29,5,77.5,65.1,12.38,10.53,7.56,15.35,22.92,122.75,90.49,32.27
13,Vanderbilt,SEC,22,26,8,86.4,75.2,11.15,11.68,15.51,7.32,22.83,126.99,96.47,30.52
14,Alabama,SEC,15,23,9,91.7,83.5,8.25,14.45,22.33,0.36,22.70,128.52,98.50,30.02
15,Arkansas,SEC,17,26,8,89.9,80.1,9.85,12.57,19.52,2.90,22.43,128.56,98.51,30.05
16,St. John's (NY),Big East,13,28,6,81.6,70.0,11.59,10.83,11.74,10.68,22.42,120.28,90.25,30.03
17,Tennessee,SEC,25,22,11,79.5,69.4,10.09,11.99,7.84,14.24,22.08,122.00,91.72,30.28
18,Texas Tech,Big 12,16,22,10,80.4,72.6,7.78,14.17,11.35,10.60,21.95,126.14,95.92,30.21
19,Virginia,ACC,10,29,5,80.6,68.4,12.24,9.36,9.95,11.65,21.60,123.57,93.14,30.43
20,Nebraska,Big Ten,11,26,6,77.3,66.2,11.06,10.48,7.59,13.95,21.54,119.98,89.74,30.24
Rk,School,Conf,AP Rank,W,L,Pts,Opp,"Margin of VictoryA team's average margin of victory over a period or season"" >MOV","Strength of ScheduleA rating of strength of schedule. The rating is denominated in points above/below average, where zero is average. Non-Division I games are excluded from the ratings."" data-over-header=""SRS"" >SOS",OSRS,DSRS,"Simple Rating SystemA rating that takes into account average point differential and strength of schedule. The rating is denominated in points above/below average, where zero is average. Non-Division I games are excluded from the ratings."" data-over-header=""SRS"" >SRS","Offensive RatingAn estimate of points scored (for teams) or points produced (for players) per 100 possessions."" data-over-header=""Adjusted"" data-filter=""1"" data-name=""Offensive Rating"" >ORtg",DRtg,NRtg
21,Kansas,Big 12,14,23,10,75.6,69.4,6.24,14.86,8.69,12.42,21.10,119.57,90.37,29.20
22,Brigham Young,Big 12,,23,11,83.9,75.3,8.59,12.45,16.04,5.00,21.04,125.95,97.33,28.63
23,Kentucky,SEC,,21,13,80.8,73.8,6.94,12.86,10.65,9.15,19.80,122.35,95.56,26.79
24,Georgia,SEC,,22,10,89.8,79.2,10.66,8.91,18.20,1.37,19.57,124.37,99.51,24.86
25,Wisconsin,Big Ten,23,24,10,83.0,75.9,7.09,12.44,14.66,4.86,19.52,126.24,99.00,27.25
26,North Carolina,ACC,19,24,8,79.8,71.3,8.47,10.92,10.40,8.98,19.39,121.39,95.27,26.12
27,Ohio State,Big Ten,,21,12,79.8,72.8,7.00,12.06,11.45,7.61,19.06,125.76,99.28,26.48
28,Iowa,Big Ten,,21,12,75.2,66.0,9.24,9.76,5.64,13.36,19.00,124.29,97.06,27.23
29,UCLA,Big Ten,,23,11,77.7,71.0,6.74,11.55,8.41,9.88,18.28,124.14,98.51,25.63
30,Miami (FL),ACC,,25,8,81.9,71.2,10.76,7.28,10.09,7.95,18.04,121.76,97.76,24.00
31,NC State,ACC,,20,13,83.7,76.5,7.18,10.83,14.36,3.65,18.02,125.70,101.15,24.56
32,Saint Mary's,WCC,21,27,5,78.2,64.6,13.63,5.54,5.72,12.15,17.87,120.87,95.06,25.81
33,Utah State,MWC,,28,6,82.5,70.4,12.18,6.51,10.41,6.95,17.36,123.13,98.69,24.44
34,Saint Louis,A-10,,28,5,87.2,69.5,17.73,1.52,13.22,4.05,17.27,121.33,98.74,22.60
35,Southern Methodist,ACC,,20,13,84.2,77.6,6.61,10.66,13.09,4.17,17.27,122.95,100.65,22.29
36,Auburn,SEC,,17,16,82.7,79.4,3.33,13.69,12.51,4.51,17.02,124.45,101.75,22.70
37,Clemson,ACC,,24,10,74.1,66.7,7.41,9.57,3.64,13.34,16.99,118.72,94.89,23.83
38,Texas A&M,SEC,,21,11,87.7,79.6,8.16,8.60,15.11,1.66,16.76,121.16,99.88,21.28
39,Indiana,Big Ten,,18,14,78.2,72.2,6.00,10.70,9.06,7.64,16.70,121.87,99.46,22.41
40,Villanova,Big East,,24,8,77.2,70.8,6.38,9.93,6.60,9.71,16.30,120.78,97.71,23.06
Rk,School,Conf,AP Rank,W,L,Pts,Opp,"Margin of VictoryA team's average margin of victory over a period or season"" >MOV","Strength of ScheduleA rating of strength of schedule. The rating is denominated in points above/below average, where zero is average. Non-Division I games are excluded from the ratings."" data-over-header=""SRS"" >SOS",OSRS,DSRS,"Simple Rating SystemA rating that takes into account average point differential and strength of schedule. The rating is denominated in points above/below average, where zero is average. Non-Division I games are excluded from the ratings."" data-over-header=""SRS"" >SRS","Offensive RatingAn estimate of points scored (for teams) or points produced (for players) per 100 possessions."" data-over-header=""Adjusted"" data-filter=""1"" data-name=""Offensive Rating"" >ORtg",DRtg,NRtg
41,Texas,SEC,,18,14,83.8,76.8,6.97,10.30,11.41,4.76,16.17,124.10,102.66,21.44
42,Santa Clara,WCC,,26,8,82.9,72.4,10.41,6.06,12.30,3.59,15.88,123.02,101.35,21.67
43,Texas Christian,Big 12,,22,11,78.3,72.1,6.24,9.51,7.01,8.73,15.75,116.45,94.92,21.53
44,Cincinnati,Big 12,,18,15,73.1,67.6,5.55,9.95,2.89,12.61,15.50,111.64,91.23,20.40
45,Baylor,Big 12,,16,16,82.6,77.2,5.41,11.78,11.97,3.36,15.33,124.01,103.37,20.64
46,Oklahoma,SEC,,19,15,82.7,77.1,5.65,9.37,10.23,4.80,15.02,124.06,103.69,20.37
47,Washington,Big Ten,,16,17,77.1,73.6,3.48,10.68,6.86,7.31,14.17,117.84,98.66,19.18
48,San Diego State,MWC,,22,11,78.2,71.0,7.21,8.12,6.12,7.50,13.62,113.83,94.87,18.96
49,New Mexico,MWC,,23,10,80.5,70.8,9.73,5.05,8.41,5.11,13.52,118.04,99.42,18.62
50,Seton Hall,Big East,,21,12,70.3,65.3,5.00,8.45,-0.71,14.16,13.45,111.01,92.60,18.41
51,UCF,Big 12,,21,11,81.0,78.5,2.50,10.80,11.37,1.93,13.30,120.73,102.98,17.75
52,South Florida,American,,25,8,87.7,75.5,12.21,2.60,12.69,0.60,13.29,116.34,98.78,17.56
53,Virginia Tech,ACC,,19,13,78.8,74.9,3.91,9.38,8.40,4.89,13.28,118.01,100.38,17.63
54,Virginia Commonwealth,A-10,,27,7,81.6,71.5,10.09,3.11,9.10,4.10,13.19,118.95,101.27,17.67
55,Missouri,SEC,,20,12,79.7,75.3,4.31,8.77,7.05,6.03,13.08,118.70,101.71,16.99
56,West Virginia,Big 12,,18,14,69.2,64.8,4.44,8.37,-2.11,14.91,12.80,111.69,93.93,17.76
57,Louisiana State,SEC,,15,17,81.4,78.5,2.94,9.75,9.65,3.04,12.69,120.69,104.23,16.46
58,Northwestern,Big Ten,,15,19,73.1,72.0,1.18,11.43,4.10,8.51,12.61,117.58,100.59,16.99
59,Wake Forest,ACC,,17,16,78.8,77.1,1.79,10.79,8.63,3.94,12.57,118.14,101.55,16.58
60,Stanford,ACC,,20,12,76.0,72.7,3.28,9.27,6.06,6.49,12.55,117.81,101.13,16.68
Rk,School,Conf,AP Rank,W,L,Pts,Opp,"Margin of VictoryA team's average margin of victory over a period or season"" >MOV","Strength of ScheduleA rating of strength of schedule. The rating is denominated in points above/below average, where zero is average. Non-Division I games are excluded from the ratings."" data-over-header=""SRS"" >SOS",OSRS,DSRS,"Simple Rating SystemA rating that takes into account average point differential and strength of schedule. The rating is denominated in points above/below average, where zero is average. Non-Division I games are excluded from the ratings."" data-over-header=""SRS"" >SRS","Offensive RatingAn estimate of points scored (for teams) or points produced (for players) per 100 possessions."" data-over-header=""Adjusted"" data-filter=""1"" data-name=""Offensive Rating"" >ORtg",DRtg,NRtg
61,Boise State,MWC,,20,12,78.2,73.5,4.72,7.84,6.38,5.66,12.04,118.61,101.86,16.75
62,Oklahoma State,Big 12,,19,14,84.3,82.9,1.36,10.57,14.01,-2.08,11.93,118.57,103.25,15.33
63,California,ACC,,21,11,77.9,73.3,4.63,7.61,5.90,5.78,11.67,114.29,98.79,15.51
64,Florida State,ACC,,18,15,80.4,77.9,2.42,9.24,10.01,1.66,11.66,118.01,102.13,15.88
65,Tulsa,American,,26,7,85.6,73.0,12.58,0.78,10.26,0.88,11.14,121.48,106.34,15.14
66,Mississippi,SEC,,15,20,75.9,76.1,-0.23,11.36,4.02,7.11,11.13,113.81,98.98,14.82
67,Grand Canyon,MWC,,20,12,75.6,68.7,6.97,4.06,2.67,8.36,11.03,111.98,96.90,15.08
68,Colorado,Big 12,,17,15,80.0,79.4,0.53,10.36,9.60,1.29,10.89,119.12,104.78,14.34
69,Providence,Big East,,15,18,85.3,84.0,1.30,9.53,15.83,-4.99,10.84,121.04,106.44,14.60
70,Arizona State,Big 12,,17,16,76.3,78.3,-2.00,12.79,6.96,3.83,10.79,114.88,100.08,14.80
71,Southern California,Big Ten,,18,14,78.6,77.9,0.66,11.16,8.76,1.82,10.58,113.90,99.73,14.16
72,Creighton,Big East,,15,17,75.1,75.0,0.09,10.47,5.70,4.86,10.57,116.76,102.90,13.86
73,Butler,Big East,,16,16,79.4,77.5,1.84,8.63,8.81,1.67,10.47,116.18,102.93,13.24
74,Minnesota,Big Ten,,15,17,70.0,68.5,1.50,8.95,-0.44,10.89,10.45,114.05,100.02,14.03
75,Syracuse,ACC,,15,17,75.0,74.3,0.75,9.53,6.04,4.24,10.28,114.78,101.19,13.59
76,Nevada,MWC,,22,12,75.9,71.6,4.35,5.81,4.62,5.55,10.17,116.04,101.74,14.30
77,Georgetown,Big East,,16,18,73.6,72.9,0.71,8.51,3.67,5.55,9.22,114.57,102.47,12.10
78,Marquette,Big East,,12,20,75.2,75.8,-0.63,9.84,5.09,4.13,9.22,111.39,98.85,12.54
79,George Washington,A-10,,18,15,82.1,73.7,8.33,2.24,8.85,0.21,9.05,117.71,106.10,11.61
80,Notre Dame,ACC,,13,18,74.5,75.3,-0.87,9.93,4.99,4.07,9.05,115.59,103.51,12.08
Rk,School,Conf,AP Rank,W,L,Pts,Opp,"Margin of VictoryA team's average margin of victory over a period or season"" >MOV","Strength of ScheduleA rating of strength of schedule. The rating is denominated in points above/below average, where zero is average. Non-Division I games are excluded from the ratings."" data-over-header=""SRS"" >SOS",OSRS,DSRS,"Simple Rating SystemA rating that takes into account average point differential and strength of schedule. The rating is denominated in points above/below average, where zero is average. Non-Division I games are excluded from the ratings."" data-over-header=""SRS"" >SRS","Offensive RatingAn estimate of points scored (for teams) or points produced (for players) per 100 possessions."" data-over-header=""Adjusted"" data-filter=""1"" data-name=""Offensive Rating"" >ORtg",DRtg,NRtg
81,Akron,MAC,,29,5,88.4,73.5,14.85,-3.33,9.80,-0.76,9.04,117.69,106.22,11.47
82,Belmont,MVC,,26,6,83.9,73.3,10.53,-0.41,9.17,-0.22,8.95,118.92,106.90,12.02
83,Oregon,Big Ten,,12,20,70.8,73.9,-3.09,12.04,2.12,6.83,8.95,113.19,102.08,11.12
84,Dayton,A-10,,23,11,74.4,69.9,4.47,4.37,1.51,7.33,8.85,110.64,98.47,12.17
85,Wichita State,American,,22,11,77.6,70.4,7.21,2.10,3.01,5.71,8.72,111.43,99.82,11.61
86,Kansas State,Big 12,,12,20,79.6,81.8,-2.28,10.86,9.84,-1.26,8.58,114.41,103.26,11.15
87,Pittsburgh,ACC,,13,20,70.5,71.8,-1.30,9.88,0.47,8.11,8.58,113.81,103.25,10.56
88,Colorado State,MWC,,21,12,76.1,71.1,4.94,5.03,2.29,6.28,8.56,120.16,108.65,11.50
89,Northern Iowa,MVC,,23,12,69.9,61.3,8.66,1.49,-5.00,13.50,8.49,109.41,97.09,12.32
90,Xavier,Big East,,15,18,78.4,80.6,-2.27,10.15,9.42,-1.55,7.87,116.31,106.17,10.15
91,McNeese,Southland,,28,5,80.0,66.5,13.58,-2.06,2.53,5.22,7.74,113.49,102.49,11.00
92,South Carolina,SEC,,13,19,74.9,76.5,-1.53,9.16,2.56,5.06,7.62,112.88,103.22,9.66
93,Wyoming,MWC,,18,14,77.1,73.0,4.13,4.07,3.23,4.32,7.55,114.94,105.36,9.58
94,DePaul,Big East,,16,16,70.3,69.6,0.69,6.76,-1.64,9.10,7.45,107.86,98.40,9.46
95,Mississippi State,SEC,,13,19,77.6,81.8,-4.19,11.46,6.44,0.83,7.27,113.00,103.39,9.60
96,High Point,Big South,,30,4,90.0,70.3,19.71,-7.89,8.32,-1.56,6.76,115.76,107.14,8.62
97,George Mason,A-10,,23,9,73.3,67.5,5.84,1.19,-1.79,8.24,6.45,111.66,103.18,8.47
98,Illinois State,MVC,,20,12,75.1,68.4,6.69,0.85,0.19,6.11,6.30,110.54,102.28,8.26
99,Utah,Big 12,,10,22,74.3,79.1,-4.75,10.94,4.19,2.00,6.19,115.10,107.46,7.64
100,Yale,Ivy,,24,6,81.8,71.0,10.80,-2.51,4.41,1.72,6.13,118.21,110.11,8.10
Rk,School,Conf,AP Rank,W,L,Pts,Opp,"Margin of VictoryA team's average margin of victory over a period or season"" >MOV","Strength of ScheduleA rating of strength of schedule. The rating is denominated in points above/below average, where zero is average. Non-Division I games are excluded from the ratings."" data-over-header=""SRS"" >SOS",OSRS,DSRS,"Simple Rating SystemA rating that takes into account average point differential and strength of schedule. The rating is denominated in points above/below average, where zero is average. Non-Division I games are excluded from the ratings."" data-over-header=""SRS"" >SRS","Offensive RatingAn estimate of points scored (for teams) or points produced (for players) per 100 possessions."" data-over-header=""Adjusted"" data-filter=""1"" data-name=""Offensive Rating"" >ORtg",DRtg,NRtg
101,Nevada-Las Vegas,MWC,,17,16,79.4,78.6,0.82,6.10,7.88,-2.25,5.63,114.56,106.90,7.66
102,Miami (OH),MAC,20,31,1,90.7,75.3,15.41,-5.49,9.00,-3.63,5.37,114.63,108.52,6.11
103,Utah Valley,WAC,,25,8,80.2,68.5,11.73,-1.77,3.46,1.90,5.36,110.55,103.25,7.30
104,Rutgers,Big Ten,,14,19,70.6,75.1,-4.55,9.46,1.76,3.16,4.91,110.26,104.64,5.62
105,Hawaii,Big West,,24,8,79.6,69.7,9.91,-3.59,1.26,3.59,4.85,106.38,100.24,6.14
106,Maryland,Big Ten,,12,21,69.7,76.6,-6.88,11.68,0.83,3.98,4.80,110.62,105.03,5.59
107,Hofstra,CAA,,24,10,75.6,66.1,9.56,-2.46,-0.47,4.94,4.48,111.57,105.14,6.43
108,Seattle,WCC,,20,13,71.9,67.0,4.91,2.71,-3.77,8.19,4.42,102.09,96.34,5.76
109,San Francisco,WCC,,17,16,74.7,73.2,1.52,4.23,1.78,2.61,4.39,112.02,106.40,5.62
110,Pacific,WCC,,18,15,72.7,68.8,3.88,2.83,-2.15,6.49,4.34,109.86,104.07,5.80
111,Davidson,A-10,,20,13,71.7,67.4,4.30,2.76,-2.59,6.86,4.27,109.65,103.85,5.80
112,Stephen F. Austin,Southland,,28,5,76.4,65.9,10.42,-4.62,-0.65,4.71,4.06,109.91,104.46,5.45
113,Penn State,Big Ten,,12,20,73.7,79.3,-5.66,9.64,4.14,-0.16,3.98,115.56,110.73,4.83
114,Memphis,American,,13,19,75.2,76.7,-1.47,5.42,2.37,1.58,3.95,107.20,102.30,4.90
115,Murray State,MVC,,20,12,83.3,79.9,3.41,0.49,9.39,-5.49,3.90,115.05,110.46,4.59
116,Bradley,MVC,,21,12,77.6,73.4,4.18,0.54,4.18,-0.36,3.83,111.43,106.90,4.53
117,Illinois-Chicago,MVC,,19,15,75.5,70.0,5.53,0.46,-0.32,4.13,3.81,108.89,104.08,4.81
118,Florida Atlantic,American,,18,15,78.7,74.3,4.33,1.93,3.99,-0.22,3.77,109.42,105.01,4.42
119,UC Irvine,Big West,,23,11,77.4,68.4,8.97,-1.42,-2.31,5.96,3.65,103.21,98.59,4.62
120,Sam Houston,CUSA,,22,11,82.2,74.2,8.09,-0.43,5.00,-1.42,3.57,111.44,106.90,4.55
Rk,School,Conf,AP Rank,W,L,Pts,Opp,"Margin of VictoryA team's average margin of victory over a period or season"" >MOV","Strength of ScheduleA rating of strength of schedule. The rating is denominated in points above/below average, where zero is average. Non-Division I games are excluded from the ratings."" data-over-header=""SRS"" >SOS",OSRS,DSRS,"Simple Rating SystemA rating that takes into account average point differential and strength of schedule. The rating is denominated in points above/below average, where zero is average. Non-Division I games are excluded from the ratings."" data-over-header=""SRS"" >SRS","Offensive RatingAn estimate of points scored (for teams) or points produced (for players) per 100 possessions."" data-over-header=""Adjusted"" data-filter=""1"" data-name=""Offensive Rating"" >ORtg",DRtg,NRtg
121,UAB,American,,20,12,79.2,73.8,5.44,-0.24,3.07,0.49,3.56,108.42,104.36,4.06
122,Fresno State,MWC,,13,19,72.8,72.8,0.03,4.66,-0.34,3.84,3.50,107.20,102.75,4.45
123,Washington State,WCC,,12,20,76.1,77.5,-1.41,5.10,3.98,-0.50,3.49,113.43,109.25,4.18
124,Boston College,ACC,,11,20,67.4,70.7,-3.26,6.65,-3.75,7.14,3.39,103.18,99.59,3.58
125,Duquesne,A-10,,18,15,78.3,75.2,3.12,2.34,3.91,-0.53,3.38,109.98,106.24,3.73
126,St. Thomas,Summit,,24,9,82.7,71.7,10.97,-5.30,3.64,-0.37,3.27,112.45,108.32,4.14
127,Georgia Tech,ACC,,11,20,73.8,77.4,-3.65,6.74,3.05,0.04,3.10,107.00,103.47,3.53
128,Southern Illinois,MVC,,16,16,73.0,69.6,3.44,0.86,-1.21,4.30,3.09,103.07,99.19,3.87
129,Saint Joseph's,A-10,,22,11,73.3,69.9,3.42,0.98,-0.77,3.42,2.65,106.03,102.86,3.17
130,California Baptist,WAC,,25,8,73.0,67.6,5.45,-2.93,-3.18,5.71,2.52,105.24,102.01,3.23
131,North Dakota State,Summit,,27,7,80.7,69.6,11.15,-5.79,0.75,1.75,2.50,109.88,106.68,3.20
132,UNC Wilmington,CAA,,26,6,77.0,67.7,9.34,-5.04,-2.05,4.54,2.50,109.71,106.14,3.57
133,Liberty,CUSA,,25,7,78.2,70.4,7.75,-1.57,1.26,1.21,2.47,116.02,112.84,3.18
134,Rhode Island,A-10,,16,16,69.9,68.2,1.69,0.74,-3.53,5.96,2.43,104.88,102.39,2.49
135,St. Bonaventure,A-10,,17,17,76.4,74.5,1.88,1.67,3.48,-1.08,2.40,112.33,109.68,2.65
136,UC San Diego,Big West,,23,11,75.7,70.3,5.38,-1.68,-2.20,4.52,2.32,106.40,103.48,2.92
137,Richmond,A-10,,15,17,76.7,73.9,2.78,0.29,2.04,0.22,2.26,110.60,108.84,1.76
138,North Texas,American,,19,14,70.9,67.4,3.52,1.14,-5.47,7.55,2.08,102.73,100.19,2.54
139,UC Santa Barbara,Big West,,18,14,77.6,72.8,4.84,-1.82,0.21,0.94,1.15,112.71,110.91,1.79
140,Montana State,Big Sky,,18,14,77.9,71.4,6.50,-1.05,-0.95,2.04,1.09,109.15,107.90,1.25
Rk,School,Conf,AP Rank,W,L,Pts,Opp,"Margin of VictoryA team's average margin of victory over a period or season"" >MOV","Strength of ScheduleA rating of strength of schedule. The rating is denominated in points above/below average, where zero is average. Non-Division I games are excluded from the ratings."" data-over-header=""SRS"" >SOS",OSRS,DSRS,"Simple Rating SystemA rating that takes into account average point differential and strength of schedule. The rating is denominated in points above/below average, where zero is average. Non-Division I games are excluded from the ratings."" data-over-header=""SRS"" >SRS","Offensive RatingAn estimate of points scored (for teams) or points produced (for players) per 100 possessions."" data-over-header=""Adjusted"" data-filter=""1"" data-name=""Offensive Rating"" >ORtg",DRtg,NRtg
141,Loyola Marymount,WCC,,15,17,74.3,72.1,2.19,1.50,-1.75,2.83,1.08,105.87,104.70,1.17
142,Temple,American,,16,16,73.9,70.8,3.19,-0.76,-0.99,2.04,1.04,110.17,109.51,0.66
143,Texas-Rio Grande Valley,Southland,,19,14,75.9,69.5,6.42,-2.20,-0.58,1.50,0.93,107.84,106.85,0.99
144,Oregon State,WCC,,17,16,71.1,74.2,-3.03,3.81,-1.13,1.91,0.78,109.24,109.24,0.00
145,Toledo,MAC,,19,15,81.0,76.6,4.47,-1.57,2.89,-2.11,0.78,112.04,111.68,0.36
146,Bowling Green,MAC,,18,14,81.3,71.6,9.75,-3.57,-1.23,1.70,0.47,105.16,104.74,0.42
147,Western Kentucky,CUSA,,18,14,79.3,76.1,3.16,-0.47,2.27,-1.81,0.47,106.58,106.78,-0.20
148,Northern Colorado,Big Sky,,20,12,82.5,76.5,5.97,-2.46,3.93,-3.63,0.30,110.22,110.36,-0.14
149,Fordham,A-10,,17,15,69.8,65.5,4.38,-0.96,-6.72,6.96,0.25,103.27,103.86,-0.59
150,Middle Tennessee,CUSA,,17,15,75.4,72.8,2.66,1.36,-0.47,0.69,0.23,108.59,108.87,-0.28
151,Kennesaw State,CUSA,,21,13,83.4,76.1,7.29,-2.00,5.17,-5.04,0.13,108.07,108.92,-0.85
152,Wright State,Horizon,,23,11,80.7,73.4,7.29,-4.44,0.42,-0.30,0.12,109.12,109.41,-0.28
153,Portland State,Big Sky,,20,11,76.6,70.3,6.35,-2.66,-3.34,3.40,0.06,101.65,102.03,-0.38
154,Valparaiso,MVC,,18,15,72.0,71.5,0.55,0.66,-2.87,2.84,-0.03,105.86,106.10,-0.24
155,Idaho,Big Sky,,21,14,78.7,72.6,6.09,-2.70,-0.89,0.85,-0.05,106.33,107.04,-0.70
156,William & Mary,CAA,,20,12,83.1,77.7,5.41,-2.69,5.55,-5.61,-0.06,108.77,109.64,-0.87
157,Kent State,MAC,,24,9,85.1,79.6,5.45,-2.45,5.60,-5.69,-0.10,108.01,109.25,-1.24
158,Charlotte,American,,17,17,73.3,74.4,-1.12,1.08,-1.20,1.00,-0.20,112.40,113.33,-0.93
159,Pennsylvania,Ivy,,18,11,76.1,73.3,2.79,-1.72,0.01,-0.51,-0.50,105.14,106.74,-1.59
160,East Tennessee State,Southern,,23,11,77.6,69.3,8.29,-7.33,-1.97,1.33,-0.64,107.75,109.28,-1.53
Rk,School,Conf,AP Rank,W,L,Pts,Opp,"Margin of VictoryA team's average margin of victory over a period or season"" >MOV","Strength of ScheduleA rating of strength of schedule. The rating is denominated in points above/below average, where zero is average. Non-Division I games are excluded from the ratings."" data-over-header=""SRS"" >SOS",OSRS,DSRS,"Simple Rating SystemA rating that takes into account average point differential and strength of schedule. The rating is denominated in points above/below average, where zero is average. Non-Division I games are excluded from the ratings."" data-over-header=""SRS"" >SRS","Offensive RatingAn estimate of points scored (for teams) or points produced (for players) per 100 possessions."" data-over-header=""Adjusted"" data-filter=""1"" data-name=""Offensive Rating"" >ORtg",DRtg,NRtg
161,Winthrop,Big South,,23,11,83.6,75.5,8.18,-4.42,3.52,-4.16,-0.64,108.53,110.33,-1.80
162,Arkansas State,Sun Belt,,20,12,83.0,77.2,5.75,-4.39,5.37,-6.02,-0.65,108.07,109.94,-1.87
163,Troy,Sun Belt,,22,11,80.3,73.1,7.18,-4.57,0.37,-1.13,-0.76,107.99,109.43,-1.43
164,Towson,CAA,,19,15,69.2,66.1,3.12,-1.44,-7.96,7.14,-0.82,102.52,104.32,-1.80
165,Navy,Patriot,,26,7,74.7,63.8,10.91,-9.90,-4.59,3.73,-0.87,104.55,105.70,-1.16
166,Drake,MVC,,14,20,75.1,74.8,0.24,1.44,0.64,-1.57,-0.93,109.75,111.83,-2.08
167,UC Davis,Big West,,19,14,77.6,75.1,2.55,-1.13,-0.05,-1.05,-1.09,106.29,107.77,-1.49
168,College of Charleston,CAA,,21,11,75.4,73.4,2.03,-2.59,-0.78,-0.39,-1.17,105.27,107.74,-2.47
169,New Mexico State,CUSA,,16,16,75.1,72.0,3.13,-1.35,-1.04,-0.25,-1.29,107.56,109.90,-2.34
170,Robert Morris,Horizon,,22,11,77.4,72.1,5.33,-4.71,-2.09,0.81,-1.29,109.06,110.58,-1.52
171,Central Arkansas,A-Sun,,22,12,80.9,74.7,6.12,-4.66,0.48,-1.82,-1.34,106.81,108.87,-2.07
172,Oakland,Horizon,,16,16,82.6,81.7,0.88,-0.12,5.99,-7.34,-1.35,111.96,114.33,-2.38
173,Harvard,Ivy,,17,12,70.1,66.7,3.38,-4.08,-7.14,5.53,-1.61,103.94,106.51,-2.57
174,Cornell,Ivy,,15,13,88.5,83.4,5.07,-2.83,11.04,-12.72,-1.67,116.63,119.42,-2.79
175,UT Arlington,WAC,,18,14,70.0,66.7,3.31,-1.70,-8.16,6.42,-1.74,99.46,102.18,-2.72
176,Cal State Fullerton,Big West,,18,16,83.0,81.7,1.29,0.12,4.45,-6.20,-1.75,106.98,109.32,-2.34
177,Florida International,CUSA,,15,17,80.6,77.9,2.75,-0.47,3.74,-5.56,-1.82,105.75,108.83,-3.08
178,Cal State Northridge,Big West,,20,14,81.4,79.8,1.59,-1.27,5.30,-7.26,-1.96,105.99,108.73,-2.75
179,Eastern Washington,Big Sky,,14,19,78.1,79.0,-0.91,-0.48,2.33,-4.31,-1.98,111.12,113.94,-2.82
180,San Jose State,MWC,,9,24,72.0,78.5,-6.52,6.41,-0.56,-1.44,-1.99,111.12,115.53,-4.41
Rk,School,Conf,AP Rank,W,L,Pts,Opp,"Margin of VictoryA team's average margin of victory over a period or season"" >MOV","Strength of ScheduleA rating of strength of schedule. The rating is denominated in points above/below average, where zero is average. Non-Division I games are excluded from the ratings."" data-over-header=""SRS"" >SOS",OSRS,DSRS,"Simple Rating SystemA rating that takes into account average point differential and strength of schedule. The rating is denominated in points above/below average, where zero is average. Non-Division I games are excluded from the ratings."" data-over-header=""SRS"" >SRS","Offensive RatingAn estimate of points scored (for teams) or points produced (for players) per 100 possessions."" data-over-header=""Adjusted"" data-filter=""1"" data-name=""Offensive Rating"" >ORtg",DRtg,NRtg
181,Portland,WCC,,15,19,74.4,78.5,-4.09,3.95,-0.78,-1.30,-2.08,104.53,108.40,-3.87
182,Monmouth,CAA,,19,15,72.7,70.9,1.82,-3.14,-2.99,0.88,-2.11,103.64,107.57,-3.93
183,Massachusetts,MAC,,17,16,80.2,77.6,2.61,-3.23,3.31,-5.45,-2.14,106.10,110.34,-4.24
184,Austin Peay,A-Sun,,22,9,81.6,73.2,8.42,-6.70,-0.62,-1.63,-2.25,105.34,108.71,-3.37
185,Montana,Big Sky,,18,16,77.3,74.6,2.71,-0.47,-0.60,-1.74,-2.33,104.93,108.46,-3.53
186,Northern Kentucky,Horizon,,20,14,83.1,77.5,5.68,-4.67,2.12,-4.57,-2.45,106.84,110.53,-3.69
187,Texas A&M-Corpus Christi,Southland,,18,15,72.5,67.7,4.82,-1.62,-6.23,3.75,-2.48,101.39,105.39,-4.01
188,Tulane,American,,18,15,72.4,75.5,-3.15,1.13,-1.61,-0.89,-2.50,105.88,109.95,-4.07
189,Columbia,Ivy,,16,12,76.6,71.7,4.96,-3.95,-1.55,-1.02,-2.56,105.48,110.29,-4.81
190,Missouri State,CUSA,,16,18,75.0,73.6,1.44,-1.41,-2.32,-0.35,-2.67,106.74,111.02,-4.28
191,Indiana State,MVC,,11,21,73.6,74.5,-0.91,0.70,-0.97,-1.73,-2.70,104.39,108.21,-3.82
192,Weber State,Big Sky,,16,16,81.2,77.3,3.88,-2.59,2.52,-5.34,-2.82,109.05,113.27,-4.21
193,Marshall,Sun Belt,,19,13,81.1,78.0,3.09,-4.41,2.86,-5.69,-2.83,109.36,113.92,-4.57
194,Campbell,CAA,,16,18,79.1,77.6,1.53,-0.10,2.52,-5.37,-2.85,108.63,113.49,-4.86
195,Mercer,Southern,,19,13,82.7,75.5,7.19,-5.21,2.28,-5.14,-2.87,108.89,113.53,-4.63
196,Louisiana Tech,CUSA,,20,14,69.9,65.0,4.85,-2.98,-8.47,5.55,-2.92,101.02,105.91,-4.89
197,South Dakota State,Summit,,14,18,75.4,72.8,2.56,-2.95,-1.63,-1.46,-3.09,106.55,111.50,-4.95
198,Furman,Southern,,22,12,76.5,70.5,5.97,-6.14,-3.79,0.55,-3.24,104.82,109.78,-4.97
199,Queens (NC),A-Sun,,21,13,84.9,82.9,1.94,-4.97,6.02,-9.32,-3.30,112.58,118.00,-5.42
200,Jacksonville State,CUSA,,15,17,72.7,68.4,4.28,-2.80,-6.00,2.54,-3.46,103.18,108.94,-5.76
Rk,School,Conf,AP Rank,W,L,Pts,Opp,"Margin of VictoryA team's average margin of victory over a period or season"" >MOV","Strength of ScheduleA rating of strength of schedule. The rating is denominated in points above/below average, where zero is average. Non-Division I games are excluded from the ratings."" data-over-header=""SRS"" >SOS",OSRS,DSRS,"Simple Rating SystemA rating that takes into account average point differential and strength of schedule. The rating is denominated in points above/below average, where zero is average. Non-Division I games are excluded from the ratings."" data-over-header=""SRS"" >SRS","Offensive RatingAn estimate of points scored (for teams) or points produced (for players) per 100 possessions."" data-over-header=""Adjusted"" data-filter=""1"" data-name=""Offensive Rating"" >ORtg",DRtg,NRtg
201,San Diego,WCC,,12,21,74.5,77.9,-3.39,2.56,0.47,-3.95,-3.48,107.36,112.57,-5.21
202,Buffalo,MAC,,17,15,78.0,76.2,1.84,-3.99,0.55,-4.07,-3.52,109.95,115.58,-5.63
203,Utah Tech,WAC,,19,15,76.8,74.9,1.88,-1.30,0.24,-3.79,-3.56,108.37,113.75,-5.38
204,Marist,MAAC,,19,12,69.7,63.8,5.84,-8.60,-8.82,5.19,-3.63,97.25,103.41,-6.16
205,Appalachian State,Sun Belt,,19,13,72.0,66.1,5.97,-5.67,-8.67,4.90,-3.77,101.97,107.96,-6.00
206,New Orleans,Southland,,15,18,74.5,77.7,-3.15,-0.81,1.45,-5.42,-3.96,105.65,112.23,-6.58
207,La Salle,A-10,,9,23,67.1,74.1,-6.94,4.00,-5.02,0.92,-4.10,102.42,109.39,-6.97
208,Cal Poly,Big West,,14,19,82.1,85.0,-2.88,-0.20,6.61,-10.77,-4.17,107.06,113.07,-6.00
209,Lipscomb,A-Sun,,19,13,79.7,75.7,3.94,-4.78,-0.84,-3.35,-4.18,104.68,110.77,-6.10
210,Merrimack,MAAC,,23,11,68.5,66.5,2.06,-6.33,-7.55,3.28,-4.27,102.91,109.38,-6.48
211,Siena,MAAC,,23,11,70.5,65.7,4.85,-9.19,-6.27,1.93,-4.34,104.01,110.53,-6.52
212,South Alabama,Sun Belt,,21,11,74.6,69.8,4.78,-6.76,-4.61,0.22,-4.39,103.76,110.78,-7.02
213,Maryland-Baltimore County,AmEast,,24,8,76.2,67.0,9.22,-11.86,-3.89,-0.51,-4.40,104.88,111.84,-6.96
214,Youngstown State,Horizon,,15,17,78.0,73.1,4.91,-4.64,-3.79,-0.65,-4.44,103.65,110.38,-6.73
215,Rice,American,,13,18,73.9,74.5,-0.65,0.28,-2.57,-1.90,-4.48,105.38,112.17,-6.79
216,Tennessee State,OVC,,23,9,80.5,73.3,7.19,-8.68,1.02,-5.56,-4.54,104.68,111.44,-6.75
217,Howard,MEAC,,23,10,77.5,67.8,9.70,-11.85,-3.66,-0.98,-4.64,99.75,107.24,-7.49
218,Ohio,MAC,,15,17,77.9,78.6,-0.72,-1.35,0.66,-5.30,-4.65,105.82,113.05,-7.23
219,Drexel,CAA,,17,16,68.1,67.3,0.79,-4.48,-9.06,4.33,-4.73,100.12,107.36,-7.24
220,Tarleton State,WAC,,14,18,74.5,73.4,1.13,-1.48,-1.56,-3.20,-4.76,102.04,109.56,-7.52
Rk,School,Conf,AP Rank,W,L,Pts,Opp,"Margin of VictoryA team's average margin of victory over a period or season"" >MOV","Strength of ScheduleA rating of strength of schedule. The rating is denominated in points above/below average, where zero is average. Non-Division I games are excluded from the ratings."" data-over-header=""SRS"" >SOS",OSRS,DSRS,"Simple Rating SystemA rating that takes into account average point differential and strength of schedule. The rating is denominated in points above/below average, where zero is average. Non-Division I games are excluded from the ratings."" data-over-header=""SRS"" >SRS","Offensive RatingAn estimate of points scored (for teams) or points produced (for players) per 100 possessions."" data-over-header=""Adjusted"" data-filter=""1"" data-name=""Offensive Rating"" >ORtg",DRtg,NRtg
221,James Madison,Sun Belt,,18,15,74.5,73.8,0.70,-5.24,-2.49,-2.47,-4.96,106.41,114.05,-7.63
222,Long Island University,NEC,,24,10,74.1,71.1,2.97,-7.93,-3.48,-1.48,-4.96,102.35,110.22,-7.87
223,Green Bay,Horizon,,18,15,74.8,74.8,-0.03,-3.04,-4.36,-0.64,-5.00,109.49,116.81,-7.32
224,Samford,Southern,,18,14,78.9,75.3,3.63,-6.09,-1.18,-4.08,-5.26,105.82,113.95,-8.13
225,Southern Mississippi,Sun Belt,,19,16,74.7,73.9,0.86,-4.51,-2.71,-2.68,-5.39,102.59,110.68,-8.09
226,Stony Brook,CAA,,17,15,71.7,71.2,0.56,-3.69,-4.31,-1.14,-5.46,101.79,110.73,-8.94
227,Elon,CAA,,14,18,78.1,77.9,0.25,-3.01,0.53,-6.00,-5.48,107.59,115.86,-8.28
228,Quinnipiac,MAAC,,19,13,75.3,72.0,3.38,-7.03,-1.60,-3.88,-5.48,101.44,110.03,-8.59
229,Long Beach State,Big West,,10,22,74.9,77.8,-2.91,0.26,-1.98,-3.53,-5.51,103.35,111.11,-7.77
230,Idaho State,Big Sky,,13,20,74.5,76.2,-1.64,-1.61,-2.73,-2.81,-5.54,108.44,117.41,-8.97
231,Detroit Mercy,Horizon,,17,15,77.2,77.3,-0.13,-3.19,-0.97,-4.65,-5.62,104.85,112.88,-8.03
232,Eastern Michigan,MAC,,10,21,70.7,73.5,-2.84,-1.51,-6.60,0.90,-5.71,99.78,108.66,-8.88
233,East Carolina,American,,11,20,71.5,77.5,-5.94,0.43,-2.88,-2.85,-5.73,101.26,109.71,-8.45
234,Lamar,Southland,,12,19,69.9,69.1,0.77,-3.66,-6.78,1.05,-5.73,100.76,109.66,-8.90
235,Denver,Summit,,15,17,82.8,82.8,0.00,-2.04,3.85,-9.61,-5.76,113.53,121.59,-8.06
236,Pepperdine,WCC,,9,23,72.3,79.6,-7.31,3.44,-2.19,-3.68,-5.86,102.81,111.80,-8.99
237,Tennessee-Martin,OVC,,22,11,69.8,63.2,6.61,-9.06,-10.88,4.95,-5.92,97.89,106.76,-8.87
238,Colgate,Patriot,,18,15,76.4,74.6,1.82,-5.38,-1.21,-4.78,-5.99,104.82,114.49,-9.67
239,Loyola (IL),A-10,,9,24,66.8,75.8,-8.97,2.84,-5.32,-0.81,-6.13,102.73,112.96,-10.23
240,UNC Asheville,Big South,,15,17,73.4,72.9,0.47,-3.89,-6.86,0.69,-6.17,102.70,112.20,-9.50
Rk,School,Conf,AP Rank,W,L,Pts,Opp,"Margin of VictoryA team's average margin of victory over a period or season"" >MOV","Strength of ScheduleA rating of strength of schedule. The rating is denominated in points above/below average, where zero is average. Non-Division I games are excluded from the ratings."" data-over-header=""SRS"" >SOS",OSRS,DSRS,"Simple Rating SystemA rating that takes into account average point differential and strength of schedule. The rating is denominated in points above/below average, where zero is average. Non-Division I games are excluded from the ratings."" data-over-header=""SRS"" >SRS","Offensive RatingAn estimate of points scored (for teams) or points produced (for players) per 100 possessions."" data-over-header=""Adjusted"" data-filter=""1"" data-name=""Offensive Rating"" >ORtg",DRtg,NRtg
241,Florida Gulf Coast,A-Sun,,16,18,77.4,76.4,0.97,-5.03,-2.27,-4.14,-6.41,103.18,112.89,-9.71
242,Western Carolina,Southern,,15,16,78.5,77.3,1.13,-3.72,-0.91,-5.50,-6.41,106.38,114.86,-8.49
243,Georgia Southern,Sun Belt,,21,16,80.9,79.7,1.22,-6.02,2.49,-8.97,-6.48,106.45,116.19,-9.75
244,UTEP,CUSA,,11,20,69.3,72.4,-3.06,-0.41,-8.03,1.37,-6.66,100.39,111.22,-10.83
245,Charleston Southern,Big South,,15,17,83.4,80.1,3.34,-6.66,2.12,-8.82,-6.70,101.48,111.42,-9.93
246,Nicholls State,Southland,,14,19,72.4,74.9,-2.52,-2.05,-3.18,-3.59,-6.77,103.20,113.26,-10.06
247,Vermont,AmEast,,22,12,73.4,68.5,4.88,-10.20,-5.60,-1.23,-6.82,103.67,113.98,-10.31
248,Southeast Missouri State,OVC,,20,13,74.5,70.6,3.91,-7.82,-4.30,-2.56,-6.85,101.10,111.14,-10.05
249,American,Patriot,,16,16,74.6,71.3,3.25,-6.21,-4.99,-1.93,-6.91,103.41,113.71,-10.30
250,Princeton,Ivy,,9,20,68.6,72.0,-3.38,-1.95,-8.19,1.28,-6.92,101.47,112.10,-10.63
251,Incarnate Word,Southland,,12,19,74.3,73.7,0.55,-2.51,-3.64,-3.44,-7.09,106.12,117.64,-11.52
252,Radford,Big South,,16,16,81.4,78.8,2.53,-6.19,1.24,-8.37,-7.12,102.94,113.26,-10.32
253,Abilene Christian,WAC,,14,19,70.3,72.4,-2.06,-1.25,-7.39,0.21,-7.18,97.96,108.31,-10.35
254,Old Dominion,Sun Belt,,12,21,76.2,77.9,-1.70,-4.19,-1.89,-5.30,-7.19,102.95,113.16,-10.22
255,Omaha,Summit,,16,17,76.0,76.4,-0.45,-3.49,-3.81,-3.44,-7.25,103.10,113.70,-10.59
256,Texas State,Sun Belt,,19,13,73.9,71.0,2.94,-6.69,-6.13,-1.13,-7.26,100.30,111.28,-10.98
257,Iona,MAAC,,18,14,73.8,73.1,0.72,-7.99,-2.38,-4.89,-7.27,99.98,111.29,-11.32
258,Purdue Fort Wayne,Horizon,,17,15,78.1,77.1,1.00,-2.72,-3.52,-3.75,-7.27,103.17,114.31,-11.14
259,Wofford,Southern,,19,13,78.8,77.1,1.63,-7.18,-1.09,-6.30,-7.38,105.86,117.07,-11.22
260,Saint Peter's,MAAC,,17,12,70.8,68.4,2.41,-7.59,-7.36,-0.09,-7.45,100.36,112.07,-11.71
Rk,School,Conf,AP Rank,W,L,Pts,Opp,"Margin of VictoryA team's average margin of victory over a period or season"" >MOV","Strength of ScheduleA rating of strength of schedule. The rating is denominated in points above/below average, where zero is average. Non-Division I games are excluded from the ratings."" data-over-header=""SRS"" >SOS",OSRS,DSRS,"Simple Rating SystemA rating that takes into account average point differential and strength of schedule. The rating is denominated in points above/below average, where zero is average. Non-Division I games are excluded from the ratings."" data-over-header=""SRS"" >SRS","Offensive RatingAn estimate of points scored (for teams) or points produced (for players) per 100 possessions."" data-over-header=""Adjusted"" data-filter=""1"" data-name=""Offensive Rating"" >ORtg",DRtg,NRtg
261,Coastal Carolina,Sun Belt,,19,13,73.3,72.6,0.72,-5.78,-6.00,-1.52,-7.52,98.60,109.93,-11.34
262,Milwaukee,Horizon,,12,20,76.3,79.6,-3.38,-2.26,-3.00,-4.52,-7.52,104.05,115.03,-10.98
263,UC Riverside,Big West,,10,22,72.9,77.9,-4.94,-0.30,-4.41,-3.35,-7.76,101.38,112.63,-11.25
264,Sacramento State,Big Sky,,10,21,77.7,82.0,-4.32,-0.08,1.10,-8.89,-7.79,103.43,114.39,-10.96
265,Fairfield,MAAC,,21,13,74.4,71.5,2.82,-9.06,-4.18,-3.88,-8.06,101.85,114.59,-12.74
266,Boston University,Patriot,,17,17,75.5,73.9,1.53,-8.23,-3.17,-4.91,-8.08,108.56,120.84,-12.28
267,Longwood,Big South,,16,16,77.7,74.1,3.63,-7.88,-2.33,-5.89,-8.22,100.77,113.69,-12.93
268,Dartmouth,Ivy,,11,16,75.8,76.7,-0.89,-2.92,-2.01,-6.23,-8.24,102.12,114.47,-12.34
269,Presbyterian,Big South,,15,18,72.4,72.2,0.18,-5.21,-8.70,0.39,-8.31,100.12,112.55,-12.43
270,Western Michigan,MAC,,10,21,74.8,79.5,-4.71,-2.15,-2.16,-6.16,-8.32,103.98,116.81,-12.83
271,SIU Edwardsville,OVC,,19,13,71.0,64.7,6.28,-10.25,-11.29,2.83,-8.46,95.60,108.10,-12.51
272,Central Michigan,MAC,,10,21,73.4,76.9,-3.52,-2.48,-4.63,-3.85,-8.48,103.17,116.59,-13.42
273,South Dakota,Summit,,16,16,79.6,80.2,-0.59,-4.88,0.12,-8.72,-8.60,103.16,115.93,-12.77
274,Delaware,CUSA,,10,21,67.7,74.0,-6.29,-2.45,-7.69,-0.96,-8.65,102.76,116.69,-13.93
275,Hampton,CAA,,13,19,69.9,70.8,-0.84,-4.55,-7.69,-0.95,-8.65,98.25,111.70,-13.45
276,Evansville,MVC,,7,25,67.0,76.5,-9.50,3.69,-6.17,-2.65,-8.81,100.09,114.03,-13.94
277,Northeastern,CAA,,7,24,74.9,81.0,-6.06,-2.82,-0.03,-8.85,-8.88,104.84,118.40,-13.57
278,North Dakota,Summit,,18,17,76.6,77.3,-0.71,-3.52,-3.50,-5.43,-8.93,103.36,116.38,-13.02
279,Bellarmine,A-Sun,,13,19,80.0,81.7,-1.66,-4.64,0.21,-9.22,-9.00,114.16,127.87,-13.71
280,Lindenwood,OVC,,18,15,77.8,72.7,5.09,-8.44,-2.97,-6.14,-9.11,96.20,109.98,-13.78
Rk,School,Conf,AP Rank,W,L,Pts,Opp,"Margin of VictoryA team's average margin of victory over a period or season"" >MOV","Strength of ScheduleA rating of strength of schedule. The rating is denominated in points above/below average, where zero is average. Non-Division I games are excluded from the ratings."" data-over-header=""SRS"" >SOS",OSRS,DSRS,"Simple Rating SystemA rating that takes into account average point differential and strength of schedule. The rating is denominated in points above/below average, where zero is average. Non-Division I games are excluded from the ratings."" data-over-header=""SRS"" >SRS","Offensive RatingAn estimate of points scored (for teams) or points produced (for players) per 100 possessions."" data-over-header=""Adjusted"" data-filter=""1"" data-name=""Offensive Rating"" >ORtg",DRtg,NRtg
281,Southern Utah,WAC,,10,22,76.3,79.5,-3.19,-0.22,-0.91,-8.28,-9.19,102.58,115.28,-12.69
282,Northwestern State,Southland,,10,22,68.3,72.4,-4.13,-2.47,-8.39,-0.92,-9.31,100.17,114.74,-14.58
283,Southeastern Louisiana,Southland,,9,22,65.0,70.5,-5.42,-2.84,-9.73,0.42,-9.31,97.43,112.07,-14.64
284,Lehigh,Patriot,,18,16,73.2,74.0,-0.74,-7.04,-4.64,-4.68,-9.32,99.61,113.70,-14.09
285,Bethune-Cookman,SWAC,,17,15,75.4,76.9,-1.56,-6.45,-3.72,-5.66,-9.38,99.47,112.71,-13.24
286,North Carolina A&T,CAA,,11,19,75.1,77.8,-2.77,-4.96,-2.99,-6.57,-9.56,101.82,116.42,-14.60
287,Ball State,MAC,,12,19,67.5,69.5,-1.97,-4.27,-11.97,2.39,-9.58,95.51,110.54,-15.03
288,Houston Christian,Southland,,12,20,67.1,72.2,-5.06,-3.63,-9.06,-0.70,-9.76,100.17,115.46,-15.30
289,Mercyhurst,NEC,,17,17,69.4,67.4,1.97,-9.46,-9.25,-0.62,-9.86,96.91,112.71,-15.80
290,Brown,Ivy,,9,18,70.4,70.1,0.30,-4.66,-9.29,-0.61,-9.90,94.19,109.07,-14.87
291,Oral Roberts,Summit,,10,23,73.3,77.5,-4.18,-2.21,-5.43,-4.68,-10.11,99.67,114.61,-14.94
292,Eastern Kentucky,A-Sun,,11,21,80.3,81.8,-1.59,-4.58,-1.09,-9.09,-10.18,106.35,121.13,-14.78
293,South Carolina Upstate,Big South,,13,19,74.3,73.7,0.59,-5.55,-6.98,-3.26,-10.24,96.25,111.67,-15.42
294,Mount St. Mary's,MAAC,,15,17,68.1,70.1,-2.06,-7.22,-8.30,-2.05,-10.35,95.52,111.08,-15.57
295,Jacksonville,A-Sun,,12,20,73.1,73.4,-0.31,-5.05,-9.68,-1.04,-10.72,100.03,115.96,-15.93
296,Northern Arizona,Big Sky,,10,22,71.3,76.4,-5.09,-1.22,-8.57,-2.16,-10.73,102.12,119.01,-16.89
297,Chattanooga,Southern,,13,19,76.7,75.3,1.44,-6.96,-4.87,-6.03,-10.89,102.56,118.97,-16.40
298,Le Moyne,NEC,,15,17,73.0,73.2,-0.16,-9.31,-4.95,-5.94,-10.89,99.27,115.45,-16.18
299,West Georgia,A-Sun,,15,17,76.6,79.6,-3.03,-5.78,-4.37,-6.58,-10.95,98.39,114.62,-16.23
300,Southern,SWAC,,17,17,79.6,77.9,1.68,-6.95,-2.03,-8.95,-10.98,101.30,116.91,-15.61
Rk,School,Conf,AP Rank,W,L,Pts,Opp,"Margin of VictoryA team's average margin of victory over a period or season"" >MOV","Strength of ScheduleA rating of strength of schedule. The rating is denominated in points above/below average, where zero is average. Non-Division I games are excluded from the ratings."" data-over-header=""SRS"" >SOS",OSRS,DSRS,"Simple Rating SystemA rating that takes into account average point differential and strength of schedule. The rating is denominated in points above/below average, where zero is average. Non-Division I games are excluded from the ratings."" data-over-header=""SRS"" >SRS","Offensive RatingAn estimate of points scored (for teams) or points produced (for players) per 100 possessions."" data-over-header=""Adjusted"" data-filter=""1"" data-name=""Offensive Rating"" >ORtg",DRtg,NRtg
301,East Texas A&M,Southland,,11,21,70.2,74.5,-4.34,-2.05,-7.14,-3.87,-11.01,97.55,113.45,-15.90
302,Morehead State,OVC,,20,13,75.3,74.7,0.55,-7.56,-5.77,-5.35,-11.13,102.33,118.48,-16.15
303,Sacred Heart,MAAC,,14,19,75.2,76.6,-1.39,-8.05,-2.24,-9.03,-11.27,102.79,120.30,-17.51
304,UNC Greensboro,Southern,,15,19,78.6,80.5,-1.85,-6.02,-2.13,-9.17,-11.31,103.88,120.46,-16.58
305,Central Connecticut State,NEC,,18,12,73.8,70.9,2.93,-9.94,-7.42,-3.91,-11.33,101.22,118.69,-17.46
306,Georgia State,Sun Belt,,10,22,70.4,74.7,-4.31,-4.59,-8.27,-3.32,-11.59,95.89,112.74,-16.85
307,Wagner,NEC,,14,17,71.3,71.7,-0.39,-8.69,-6.97,-4.83,-11.79,98.79,116.76,-17.98
308,Louisiana,Sun Belt,,11,22,63.7,70.7,-7.00,-5.03,-13.10,1.07,-12.03,95.81,113.93,-18.12
309,Grambling,SWAC,,14,19,70.3,70.1,0.21,-9.99,-10.69,-1.52,-12.21,93.96,111.26,-17.30
310,IU Indy,Horizon,,7,25,83.5,88.3,-4.75,-4.15,2.87,-15.32,-12.45,103.15,120.44,-17.28
311,Cal State Bakersfield,Big West,,8,24,73.1,82.2,-9.06,-1.26,-3.90,-8.79,-12.69,99.23,116.35,-17.13
312,Stetson,A-Sun,,12,21,73.7,79.7,-6.06,-4.70,-6.08,-6.62,-12.70,101.24,120.15,-18.91
Rk,School,Conf,AP Rank,W,L,Pts,Opp,"Margin of VictoryA team's average margin of victory over a period or season"" >MOV","Strength of ScheduleA rating of strength of schedule. The rating is denominated in points above/below average, where zero is average. Non-Division I games are excluded from the ratings."" data-over-header=""SRS"" >SOS",OSRS,DSRS,"Simple Rating SystemA rating that takes into account average point differential and strength of schedule. The rating is denominated in points above/below average, where zero is average. Non-Division I games are excluded from the ratings."" data-over-header=""SRS"" >SRS","Offensive RatingAn estimate of points scored (for teams) or points produced (for players) per 100 possessions."" data-over-header=""Adjusted"" data-filter=""1"" data-name=""Offensive Rating"" >ORtg",DRtg,NRtg
321,Norfolk State,MEAC,,15,17,76.4,73.8,2.59,-10.53,-6.69,-6.87,-13.57,97.30,117.32,-20.03
322,New Haven,NEC,,14,17,64.9,66.3,-1.35,-7.69,-14.99,1.34,-13.65,92.38,114.14,-21.76
323,Air Force,MWC,,3,29,61.5,79.9,-18.34,4.68,-11.18,-2.48,-13.66,94.57,115.71,-21.14
324,Holy Cross,Patriot,,11,22,68.2,73.3,-5.06,-6.80,-10.01,-3.66,-13.67,97.24,118.13,-20.89
325,Albany (NY),AmEast,,11,21,72.0,72.9,-0.91,-8.09,-8.90,-5.02,-13.92,98.84,119.28,-20.45
326,Florida A&M,SWAC,,15,16,70.4,74.6,-4.16,-8.95,-10.06,-3.97,-14.02,93.44,112.71,-19.27
327,Texas Southern,SWAC,,12,18,75.0,78.0,-2.93,-7.98,-5.06,-8.99,-14.05,98.58,117.99,-19.41
328,Massachusetts-Lowell,AmEast,,15,18,74.9,76.3,-1.42,-8.42,-5.12,-9.00,-14.12,98.29,119.15,-20.86
329,Alabama State,SWAC,,10,22,73.2,77.3,-4.13,-8.14,-7.06,-7.15,-14.21,95.74,116.23,-20.50
330,UTSA,American,,5,25,69.5,80.7,-11.27,1.44,-6.89,-7.31,-14.21,97.52,117.72,-20.21
331,Bucknell,Patriot,,10,23,67.4,76.3,-8.94,-5.44,-9.47,-4.91,-14.38,94.36,115.87,-21.51
332,Stonehill,NEC,,12,21,66.4,68.6,-2.18,-9.28,-13.46,-1.14,-14.60,88.84,111.44,-22.60
333,Northern Illinois,MAC,,9,21,69.5,77.8,-8.27,-2.24,-10.40,-4.37,-14.77,94.14,115.77,-21.63
334,Arkansas-Pine Bluff,SWAC,,13,19,77.3,81.0,-3.78,-6.92,-4.78,-10.01,-14.79,99.17,119.30,-20.13
335,FDU,NEC,,11,21,67.2,70.2,-2.97,-7.43,-11.32,-3.67,-14.99,96.39,119.07,-22.68
336,Manhattan,MAAC,,12,20,74.0,78.9,-4.91,-7.90,-4.24,-10.85,-15.10,100.70,122.95,-22.26
337,Army,Patriot,,11,21,72.2,77.2,-5.06,-7.14,-6.81,-8.46,-15.28,96.69,119.76,-23.06
338,North Florida,A-Sun,,7,25,79.6,88.2,-8.56,-2.98,0.18,-15.59,-15.41,103.45,124.92,-21.47
339,North Alabama,A-Sun,,9,21,69.4,77.6,-8.20,-5.51,-10.68,-4.98,-15.65,96.10,119.54,-23.44
340,NJIT,AmEast,,16,17,67.0,73.2,-6.21,-8.26,-10.55,-5.21,-15.76,92.22,115.67,-23.46
Rk,School,Conf,AP Rank,W,L,Pts,Opp,"Margin of VictoryA team's average margin of victory over a period or season"" >MOV","Strength of ScheduleA rating of strength of schedule. The rating is denominated in points above/below average, where zero is average. Non-Division I games are excluded from the ratings."" data-over-header=""SRS"" >SOS",OSRS,DSRS,"Simple Rating SystemA rating that takes into account average point differential and strength of schedule. The rating is denominated in points above/below average, where zero is average. Non-Division I games are excluded from the ratings."" data-over-header=""SRS"" >SRS","Offensive RatingAn estimate of points scored (for teams) or points produced (for players) per 100 possessions."" data-over-header=""Adjusted"" data-filter=""1"" data-name=""Offensive Rating"" >ORtg",DRtg,NRtg
341,Southern Indiana,OVC,,7,23,68.7,73.7,-4.97,-8.98,-10.90,-5.34,-16.23,91.34,115.34,-23.99
342,Niagara,MAAC,,8,22,63.9,71.2,-7.37,-7.85,-14.31,-1.95,-16.27,94.96,120.00,-25.04
343,Chicago State,NEC,,7,25,65.8,76.1,-10.28,-4.93,-10.00,-6.29,-16.28,95.33,119.51,-24.18
344,The Citadel,Southern,,11,22,70.4,77.5,-7.15,-5.91,-9.75,-6.76,-16.51,96.69,122.33,-25.64
345,Maine,AmEast,,8,24,62.5,68.4,-5.91,-9.59,-16.96,0.05,-16.91,87.25,112.67,-25.42
346,Canisius,MAAC,,10,21,62.9,70.5,-7.52,-7.85,-14.91,-2.07,-16.98,90.92,117.09,-26.17
347,New Hampshire,AmEast,,9,21,69.2,74.6,-5.40,-7.26,-9.77,-7.21,-16.98,91.66,117.23,-25.57
348,Maryland-Eastern Shore,MEAC,,9,23,64.4,70.8,-6.41,-8.35,-16.04,-1.44,-17.48,90.18,116.65,-26.48
349,North Carolina Central,MEAC,,14,18,71.8,75.5,-3.63,-8.50,-9.73,-8.41,-18.15,96.86,123.41,-26.55
350,Bryant,AmEast,,9,22,64.8,72.5,-7.61,-7.92,-13.59,-4.60,-18.19,91.28,119.44,-28.17
351,Louisiana-Monroe,Sun Belt,,4,28,72.4,83.9,-11.47,-4.86,-4.46,-14.06,-18.52,97.19,123.73,-26.55
352,Saint Francis (PA),NEC,,7,24,71.5,81.0,-9.48,-5.83,-6.15,-12.71,-18.86,96.06,123.47,-27.41
353,Rider,MAAC,,4,25,63.4,76.0,-12.55,-5.00,-12.77,-6.37,-19.14,92.08,121.31,-29.23
354,Morgan State,MEAC,,14,16,75.3,78.2,-2.97,-10.93,-5.95,-13.31,-19.26,93.53,121.98,-28.45
355,Jackson State,SWAC,,12,21,70.2,83.8,-13.52,-5.96,-7.18,-12.30,-19.48,94.22,121.38,-27.16
356,Kansas City,Summit,,4,27,69.3,83.9,-14.55,-1.92,-10.46,-9.21,-19.67,90.28,117.78,-27.50
357,Alcorn State,SWAC,,9,23,66.9,80.2,-13.28,-6.54,-11.13,-8.70,-19.82,92.80,120.41,-27.61
358,Binghamton,AmEast,,8,23,67.9,74.9,-6.97,-10.78,-10.87,-9.80,-20.67,93.29,124.33,-31.04
359,VMI,Southern,,6,26,72.0,80.0,-8.03,-6.03,-10.24,-10.48,-20.72,94.42,125.38,-30.96
360,South Carolina State,MEAC,,10,22,67.1,78.8,-11.72,-8.63,-11.39,-10.40,-21.79,91.23,122.17,-30.94
Rk,School,Conf,AP Rank,W,L,Pts,Opp,"Margin of VictoryA team's average margin of victory over a period or season"" >MOV","Strength of ScheduleA rating of strength of schedule. The rating is denominated in points above/below average, where zero is average. Non-Division I games are excluded from the ratings."" data-over-header=""SRS"" >SOS",OSRS,DSRS,"Simple Rating SystemA rating that takes into account average point differential and strength of schedule. The rating is denominated in points above/below average, where zero is average. Non-Division I games are excluded from the ratings."" data-over-header=""SRS"" >SRS","Offensive RatingAn estimate of points scored (for teams) or points produced (for players) per 100 possessions."" data-over-header=""Adjusted"" data-filter=""1"" data-name=""Offensive Rating"" >ORtg",DRtg,NRtg
361,Gardner-Webb,Big South,,4,29,68.1,85.5,-17.33,-1.86,-9.90,-12.46,-22.36,92.16,123.73,-31.56
362,Delaware State,MEAC,,8,23,61.2,70.5,-9.32,-10.81,-19.17,-3.39,-22.55,83.56,117.22,-33.66
363,Western Illinois,OVC,,5,26,64.9,76.8,-11.94,-8.16,-14.08,-9.37,-23.44,90.36,125.49,-35.13
364,Coppin State,MEAC,,7,24,65.5,80.4,-14.87,-8.11,-13.14,-11.70,-24.84,87.66,123.49,-35.83
365,Mississippi Valley State,SWAC,,3,30,64.2,83.0,-18.76,-7.89,-16.53,-11.83,-28.36,85.42,124.91,-39.49
